ids	sample1_conditionA_batch1	sample2_conditionA_batch1	sample3_conditionB_batch1	sample4_conditionB_batch1
00c56e36-33e3-48bb-8da8-50daa48eade3_R2_46	7070.0	2558.0	4438.0	5084.0
00e8b259-962f-4db5-a297-9dc5fb395455_R2_150	37.0	11.0	9.0	16.0
010ade2d-1ac9-47b0-a9a8-ae5b2bd08089_R1_22	176.0	33.0	3.0	3.0
0183f6bc-0053-4b9a-9bf2-1e785630f3b9_R1_13	16.0	7.0	1.0	9.0
01d987d0-7257-4999-8d39-9ca198becd9f_R1_73	128.0	69.0	291.0	359.0
01ed4af2-4973-47c9-80bd-2af0c3a96792_R1_73	10.0	3.0	15.0	17.0
039b2c1e-030d-49f0-a6b0-478ff356ed57_R1_73	1.0	2.0	3.0	2.0
04b5e748-619b-40d1-b0cf-b02b9e8549df_R1_22	5.0	1.0	2.0	0.0
04c76bf2-9ab2-455b-923c-1e6509976973_R1_73	4.0	1.0	4.0	1.0
05863d91-e5ba-4906-bf2f-ac4fe652bfce_R1_92	4.0	1.0	1.0	2.0
05b17b11-90c8-4886-a341-5b6a0120c034_R2_14	32.0	17.0	19.0	21.0
05cc3dfc-5ed5-4d15-a6ec-c3a303068b20_chrIS:6583000	0.0	0.0	3.0	11.0
05e27ee8-37ca-4612-9f31-e089a082d2f0_R2_14	208.0	81.0	126.0	182.0
060e294b-70eb-4bc5-9322-acb395892513_R2_53	3.0	4.0	6.0	15.0
06c8536b-642a-42da-b573-b78c0f1bfd52_R1_73	4.0	2.0	3.0	2.0
06c865a8-fce3-4eb0-b4cc-1ff14f924159_R1_103	3.0	1.0	0.0	1.0
07c69a09-dbe2-429c-b92e-135fbc4264d5_R1_103	20.0	10.0	7.0	1.0
0808a0d6-6467-4177-83c4-3da324dfcabf_R1_103	32.0	16.0	3.0	3.0
08105099-9fbb-4861-9258-6f8694809a56_R1_103	10.0	12.0	2.0	3.0
0841050d-5705-4cf4-9118-831c9d625def_R1_103	7.0	3.0	1.0	1.0
08c0a0ef-25ff-4a61-8b6b-17da6ab07e64_R2_46	12.0	10.0	9.0	15.0
08d3e1c6-53f9-4300-a4f0-49735bf786d0_R2_46	356.0	285.0	229.0	295.0
08d71c9c-ea04-4785-aec6-2689ccc211a9_R1_103	3.0	4.0	2.0	4.0
09500030-4d95-42b5-999c-3f3407382737_R2_53	3.0	0.0	5.0	14.0
0973c60a-4d10-401b-b5d0-13cc4a4d36e2_R2_32	6.0	2.0	2.0	5.0
09fe926c-37ec-438a-88ba-45032e29f86b_R1_23	2.0	1.0	4.0	0.0
09ff2c6e-2a17-4fa9-bf2d-411f180c54de_R2_65	164546.0	93449.0	118342.0	150298.0
0a855e99-0243-4215-9cd9-167ea83483ff_R2_53	1.0	2.0	4.0	17.0
0b67691c-f005-41f3-8ae6-7b609afb8646_R1_73	25.0	11.0	36.0	33.0
0cb612d7-5620-41b8-9eb9-49d749de9477_R1_33	4.0	1.0	3.0	4.0
0d003fd7-b878-4ef2-8e9a-946336eea69c_R1_92	5.0	4.0	2.0	3.0
0da1f81c-7f7c-42ec-b3bc-3ce59f5ba320_R2_41	26.0	11.0	4.0	2.0
0df8c87f-f01f-4c2f-9a6e-c5e5eec8bca7_R2_53	7.0	6.0	19.0	31.0
0ed672f3-b07b-41f4-a892-ed1ef36ad8b8_R1_92	5.0	2.0	0.0	0.0
0f04bc5d-cc7e-4875-8eed-c0164d336b71_R1_31	1.0	3.0	0.0	2.0
0f98786d-bb0a-4958-8cbb-90b6feb51885_chrIS:3762000	2.0	0.0	1.0	0.0
0fa25a0b-c0b6-4c48-9474-243f1fc2b55b_R2_38	32.0	17.0	15.0	25.0
0fb9f873-20af-4230-bb0c-2ea246a51d5a_R1_73	35.0	9.0	12.0	28.0
0fc19f58-6f71-487c-8fce-91ba7bfa2634_R2_150	606.0	234.0	29.0	50.0
1106a639-047c-4bc9-b869-9b74bd247e6e_R1_22	36.0	6.0	1.0	0.0
11c1aa5b-30da-4da1-82c9-1d82db7f7c4e_R1_31	10.0	3.0	12.0	3.0
11eb5591-e37c-46a0-be09-1dd4d25d05a0_R1_73	33.0	13.0	101.0	148.0
120e3c82-d74c-4803-98bd-c23cd4caf35f_R1_73	7.0	3.0	12.0	12.0
12200da0-e659-4e4b-99eb-fe30a01af37f_R1_103	6.0	2.0	0.0	0.0
12419bd7-bc18-4a83-979d-a2db00d2f1f3_R1_73	2.0	0.0	2.0	8.0
12a66807-a04d-4c54-b092-1954375690ca_R1_73	252.0	120.0	766.0	943.0
13d8a2ec-b189-4a90-bcba-d99c78277add_chrIS:5972000	2657.0	1304.0	1034.0	1179.0
14c13b85-8d66-4e20-970a-447358ca4284_R2_60	1.0	0.0	0.0	3.0
151d74f5-b7ef-4e0e-b90c-959881b48d94_R1_63	19.0	13.0	2.0	2.0
1571d0c8-402d-4924-9aa5-64b1f56159d3_R1_73	6.0	1.0	5.0	5.0
1695c3b8-8bfd-4450-ac36-e2268d00f8f6_R2_42	27.0	15.0	21.0	34.0
16f72167-a6b1-45b5-8147-7a7f1dab995c_R1_73	51.0	42.0	70.0	76.0
17352e72-9e9e-4979-9e67-588659a786db_R2_53	11.0	8.0	61.0	98.0
17445c7d-4bc4-4e5a-b714-cbd41f15c0fa_R2_53	7.0	9.0	20.0	28.0
177146ee-2dc9-4cc3-a2ad-b9ac4c0a03dc_chrIS:6412000	26.0	4.0	1.0	5.0
17ad08e3-a111-43cd-b14c-da049ec6ad48_R1_103	24.0	12.0	2.0	5.0
186d04ba-54f6-4b04-8344-77eb3b97551c_R1_103	11.0	6.0	2.0	1.0
188e6ff7-b960-4669-8d06-6af95d6f0d0f_R1_103	11.0	8.0	2.0	3.0
18f67e2e-1de0-4d99-a51e-d1a2ec5a10ac_R2_59	0.0	0.0	5.0	5.0
1a0fed72-ddc4-484f-b71a-c5326123b8be_R2_14	13.0	9.0	8.0	7.0
1a503c96-08ad-4938-84cb-c026b5c06c15_R1_24	0.0	0.0	3.0	1.0
1aa5114d-d91d-43f0-a12d-f241ec190766_chrIS:1635000	42.0	19.0	6.0	2.0
1acff031-8359-4f2d-a97a-925088788ae6_R1_53	4.0	0.0	0.0	1.0
1afe309a-9f64-4d13-b4a1-5325fc2572f9_R2_150	38.0	19.0	5.0	4.0
1bf6518a-9393-4b7b-94b8-eb779066e345_R2_46	6.0	6.0	5.0	4.0
1c2c21d1-423e-48c9-86e7-a3d552869489_R1_103	1.0	5.0	7.0	15.0
1c3523f5-fcdf-467a-aa85-8cf59534cc87_R2_72	28.0	26.0	24.0	31.0
1c69af9a-b418-4882-bdfb-1b10d4c0031a_R1_73	30.0	9.0	66.0	82.0
1e1034c7-1c5a-4159-87cf-171f936d8c0f_R1_31	2.0	0.0	9.0	4.0
1e4c8b0b-1eab-4d84-a3e2-1f0a5c12fb36_R2_53	2.0	2.0	10.0	13.0
1eb5bf70-713e-444c-a827-74d2a677fa3a_R1_13	15.0	12.0	2.0	8.0
1fa2545b-f0db-460e-aec7-69def485923e_R2_38	17.0	9.0	10.0	14.0
1fbc34cc-9c50-4b94-b1e1-0da276b7e2be_R1_23	0.0	2.0	1.0	1.0
2128e35b-9840-454b-86ac-722464cb7aa7_R2_53	9.0	5.0	59.0	83.0
214b2bc7-be1c-434e-8f11-05580cca0fe3_R1_103	9.0	9.0	2.0	2.0
224c72c9-3f35-470a-8333-0365d86872e0_R1_33	2.0	2.0	1.0	2.0
224cb67f-25c2-41bc-87da-83e89f3e90e5_R1_103	2.0	1.0	4.0	5.0
225dff2c-d0bc-477b-a2d8-92162fac4fea_R1_73	11.0	1.0	21.0	47.0
233a7afe-5484-438d-b102-27f554cec29b_R2_53	2.0	0.0	20.0	14.0
2448d05e-524c-460e-9dd9-94cb852a13ef_R1_103	3.0	4.0	2.0	0.0
249fc5e4-a9b5-407f-a38e-80ebb6d4394f_R1_73	24.0	11.0	26.0	35.0
24a94991-74ce-4d83-825d-4da1a748af92_R2_150	109.0	46.0	12.0	15.0
24ab0049-ba85-451c-b76c-3b9823d6a027_R2_72	40.0	63.0	39.0	57.0
252236ea-790c-45cc-b395-3045bbd67148_R1_22	11.0	3.0	1.0	2.0
258f132d-67f5-489b-a849-8732c8d3976e_R1_103	39.0	11.0	3.0	1.0
25a2bb6b-bf56-4323-921a-1f9b26ffdd83_R2_53	3.0	5.0	15.0	31.0
25c44791-a170-4521-b26c-35df900ac3dd_R2_53	8.0	10.0	17.0	26.0
26ab8120-adf6-4988-ae49-f2db911f2ddf_R2_24	0.0	0.0	1.0	0.0
26f2085c-739a-49d4-b1b9-90c2b5f79852_R1_73	343.0	464.0	1378.0	2125.0
27079a23-9f41-408c-8735-2b74c4bc615f_R1_103	0.0	1.0	2.0	1.0
27317d51-9eab-4c51-8f14-0c6c2c989e29_R1_23	3.0	1.0	1.0	3.0
2864cd8a-cb3d-467d-8937-10d177e25ea7_R1_73	19.0	15.0	8.0	30.0
289b2de0-566c-444d-a3ea-b1cf914d7beb_R1_33	1.0	1.0	3.0	3.0
28c4b95b-b8d4-40a1-baee-4ff3e85eef4c_R1_92	36.0	11.0	5.0	4.0
298b79c3-f82a-483e-8785-21fafc66e48c_chrIS:8045000	87.0	23.0	49.0	94.0
29b9e9b3-830f-4681-b869-ef33d71cd697_R2_42	15.0	12.0	13.0	25.0
29dfca98-1ea1-4e4c-af5d-876d03c06ec6_R2_38	55.0	28.0	39.0	50.0
2a42ed60-4f2d-4706-8ae3-3eefb752afc4_R1_103	0.0	3.0	3.0	10.0
2a76904d-fd70-4245-aaac-315ad16b77c9_R1_73	49.0	27.0	128.0	182.0
2aa37529-2d5f-4c6e-839a-e60b2ee0d504_R2_53	3.0	0.0	10.0	13.0
2b64aa8c-4723-4d7b-bd8f-cb72fa7d8f80_R2_59	0.0	0.0	4.0	1.0
2cbe604c-fbed-4fe5-9770-33de22afa837_R1_31	9.0	3.0	1.0	4.0
2e1a8efc-2cdb-4f37-b170-e07f73af5311_R1_73	14.0	10.0	16.0	15.0
2e2af591-9086-48e3-a693-85f8ba8e46a9_R1_73	61.0	26.0	120.0	189.0
2ea2e90c-137e-42cc-a640-10a3b0b8865a_R1_73	6.0	11.0	10.0	19.0
2f3bbd0f-6022-4f6b-a21f-9536ca7dc5a2_chrIS:4144000	1443.0	793.0	910.0	1131.0
30d534e3-28c8-4f90-8686-6ad281d3e765_R1_92	3.0	2.0	0.0	2.0
32c2268e-4c1b-48cf-8d60-5a3d8a191b73_R1_103	1.0	2.0	2.0	1.0
3488465a-bc49-4797-be25-9b9fe93ea35c_R1_73	62.0	29.0	26.0	58.0
348b7ed0-4cfa-4843-926b-15927399c193_R2_7	36.0	17.0	0.0	2.0
34b9f7bb-cc2f-4b23-98f6-da5b114a1984_R1_73	7.0	2.0	6.0	5.0
352a74dd-5080-42fa-a4fc-ad4c12288d84_R1_92	5.0	2.0	3.0	3.0
35b0287c-d854-462a-8d7d-606fe668a3c7_R1_31	2.0	0.0	1.0	1.0
35ea2014-aadf-4578-9def-e432400942ac_R2_1	283.0	121.0	161.0	242.0
36473829-1080-4a3f-b8a5-740d712ac469_R2_45	5.0	2.0	1.0	3.0
36c42cdb-0eab-439e-8b3a-d94c717a2e74_R1_73	13.0	7.0	24.0	46.0
3726ee4e-71d1-4f84-ba06-c1628b9059b3_R1_103	2.0	1.0	6.0	4.0
372abbb2-b2ec-4b58-88cb-aec18f7e0028_R2_53	1.0	3.0	8.0	5.0
37c557bc-ce7a-4cbb-8465-34b8835e3ff1_R2_150	1032.0	515.0	78.0	125.0
38082e76-46a4-4400-a49b-eb45a2bf4957_R1_92	2.0	0.0	1.0	0.0
384a53f7-880d-4db7-b129-eeec12be8f71_R2_59	0.0	0.0	0.0	3.0
38978cc6-b98d-4e26-ac05-a09bbebdc051_R2_32	3.0	2.0	0.0	0.0
38d3a354-ea6a-44e1-8b3e-2ab91867b635_chrIS:4145000	13.0	8.0	6.0	8.0
38dd8853-b25b-4296-87ef-f574e9034648_R2_26	19.0	8.0	0.0	2.0
39361906-d5d8-4903-ad86-bb31ccdc2c71_R1_103	2.0	1.0	6.0	4.0
39629f07-1a1d-4a49-a0ae-5fd064e15396_R1_73	7.0	5.0	22.0	31.0
397877b7-b39c-4631-b840-1e117f8cc45d_R2_150	457.0	171.0	20.0	33.0
39a6ca3e-4c2d-43b5-86c4-1805e559275c_R2_26	4.0	6.0	2.0	4.0
39f24b7b-b629-4c64-b983-f73706aa4e81_R1_23	2.0	1.0	2.0	1.0
3b679545-b608-4670-ab33-7ba3540f9ac0_R2_117	10.0	13.0	7.0	8.0
3e17f2fa-1580-46a3-8fe7-787f1c5441aa_R2_38	19.0	10.0	13.0	7.0
3f361e80-aa6a-4726-9b5e-d48ab39c845c_R2_53	2.0	3.0	8.0	9.0
3f827a2c-d50f-4863-a25d-9102a54f2b63_R2_41	1.0	3.0	0.0	3.0
3f91e281-4c84-4151-9b6d-206b1761f579_R1_73	11.0	7.0	17.0	27.0
406245b4-ff18-45ad-aa3b-21b1fbca3b61_R1_103	30.0	3.0	8.0	20.0
4131aa88-bde1-4abf-9c8e-6caac823821c_R2_45	4.0	4.0	2.0	6.0
417420fc-fefd-430b-86df-4c9e7c0b344d_R1_22	13.0	10.0	0.0	0.0
41fa7cb1-4d35-45f2-8191-546c06aad114_R1_73	16.0	9.0	14.0	6.0
424b4120-3c75-4d0d-978e-8d23ef7a9a4d_R1_73	35.0	16.0	62.0	97.0
43b039aa-c52d-4a15-8ced-efe5eaecb1a8_R2_26	2.0	1.0	1.0	0.0
43eb77ea-81f1-48b0-8c5a-75d62f6ffc7f_R1_23	5.0	3.0	2.0	2.0
443e599d-8a8d-402c-b524-4f43f34ff798_R1_73	21.0	13.0	31.0	37.0
447101da-74fb-4995-8b26-39c35589b996_R2_53	7.0	1.0	13.0	25.0
44b8b343-d4c3-4739-9cbf-115804c9dd89_R1_33	3.0	4.0	2.0	3.0
44b9139d-ad67-4311-861f-23a96e9e19ae_R2_14	23.0	12.0	11.0	15.0
44c76edb-ddae-4f2e-a200-a4edfa4b1212_R1_31	7.0	3.0	7.0	3.0
454bf8ea-c7ac-453d-ad57-fbcf5f034fa4_R2_42	41.0	20.0	18.0	47.0
45696780-cd0c-4dcc-b9f8-ab0a14eb4b8e_R1_73	6.0	1.0	8.0	12.0
457cefbe-a2e4-42d4-8d1f-8910ccaa330b_R1_103	2.0	0.0	2.0	0.0
45a26b36-49ef-4075-aed3-a0b496a416a1_R1_73	4.0	1.0	6.0	10.0
45b26ee4-9950-4568-9b79-47a6e21b0880_R1_103	10.0	6.0	0.0	4.0
45baa040-a601-4713-8d4a-956b4a201d9c_R1_103	16.0	3.0	0.0	1.0
471b7fe8-4c34-4c74-ba16-1247585bee43_R1_91	96.0	39.0	24.0	26.0
471c31c5-74fa-455f-be56-9df76b8813d8_R1_73	9.0	11.0	18.0	21.0
481fc5dd-cf9b-47e3-be49-12594b2ef03c_R1_73	84.0	51.0	220.0	338.0
48488ae3-c57c-4cc5-b2fa-43170b17114e_R1_103	5.0	5.0	1.0	2.0
487bb0b9-4fbf-49b3-a7a2-3809b84b7884_R1_73	11.0	13.0	17.0	27.0
487bd163-957a-49a6-9c7d-3cbb0661332d_R1_73	390.0	184.0	1004.0	1086.0
48830fd3-174b-40a9-bf7c-92ee76b6af1f_R1_22	3.0	2.0	2.0	2.0
4897f7c1-3cd0-4e12-abe1-1d70dab8f99d_R1_103	14.0	12.0	0.0	3.0
48a2e613-f0da-426f-8733-b1e2575ba928_R1_22	14.0	3.0	0.0	1.0
4a860cab-e607-42dc-a8b6-6b41cce24af1_R1_73	336.0	104.0	212.0	285.0
4a895478-4a37-456c-9aa1-1b8d72c19bbc_R2_46	13.0	12.0	10.0	10.0
4ae75f91-a251-41ff-96db-79c2aa9ecc65_R2_53	3.0	1.0	5.0	22.0
4b6a6a47-6421-4daa-be12-d71799d281e2_R1_73	23.0	14.0	12.0	35.0
4c604510-ee7e-49b2-af2f-a92fbae2704b_R1_103	26.0	17.0	0.0	4.0
4ced92e6-fb9e-4d8a-9c57-4c475e27299f_R1_31	4.0	2.0	1.0	4.0
4d02fa5c-cbe3-401e-be9c-129ab0cfabf2_R1_103	4.0	5.0	2.0	2.0
4dc5385e-3cd9-4483-9a45-a34ea338ec9e_R2_7	16.0	4.0	3.0	2.0
4ef14483-9932-4ffc-af13-633beab651c6_R1_73	44.0	22.0	70.0	103.0
4f31fab6-bd46-4745-92fc-ccedbf435bd9_R1_92	1136.0	621.0	252.0	283.0
4fc22002-f8f6-44b5-a289-05718dfa556d_R2_53	6.0	8.0	23.0	33.0
505c606c-94bd-430e-845e-677648924eb6_R1_73	2.0	0.0	6.0	3.0
50781510-96be-4306-aae8-7eb69806d27c_R2_72	220.0	129.0	145.0	198.0
50ee3c18-d81b-4cf1-8d77-251bba268766_R2_46	37.0	21.0	14.0	34.0
51adfdef-d3d9-4eff-b1b9-5f19b9931943_R1_73	370.0	326.0	1443.0	2220.0
51ba80c4-0594-4ddb-86a6-3649e7c52e50_R2_53	3.0	4.0	18.0	18.0
5209902a-6a3c-4d2e-95db-9b84199fd741_R2_46	43.0	46.0	18.0	26.0
52a5e430-6270-44cd-8ca2-71b54eb8056b_R2_41	1.0	0.0	2.0	3.0
52c92e0f-3820-4704-9d83-4060d8105806_R1_22	18.0	11.0	0.0	0.0
5315c207-9b57-430e-b1c0-4929277da25d_chrIS:4145000	15.0	9.0	18.0	14.0
53554f63-f9d7-4c8a-96b1-aac416f4cd10_R2_59	0.0	0.0	2.0	2.0
536b5da2-0ff6-4ecf-94e2-04c9a3469331_R1_73	19.0	12.0	37.0	46.0
537a4a9f-cb3a-4ecd-bde7-157d9ec65aa5_R2_53	2.0	2.0	5.0	5.0
5492529b-0168-445e-9d5a-12dcc8a678ec_R1_103	28.0	13.0	7.0	5.0
54dc9ad5-6035-49d5-9457-c2d294c3aadb_R1_103	11.0	5.0	1.0	0.0
550a2d85-bf51-4b3b-b4ad-9b3e1677f2ce_R1_103	1.0	1.0	2.0	8.0
5517491b-4214-4501-9a79-21c2f0afd652_chrIS:6223000	44.0	21.0	26.0	60.0
55c312ba-ea95-4b0b-80dc-f6e56096552c_R2_72	68.0	48.0	49.0	67.0
56bb4498-6583-497c-bc28-09a48b4b0895_R1_11	85.0	24.0	37.0	53.0
57955421-4378-4725-840e-119b92d1d367_R2_154	223720.0	83279.0	141928.0	226734.0
58467a66-fc60-4c93-a841-b976c19b6176_R2_38	55.0	26.0	31.0	56.0
589f35d1-dcf1-43c7-9eb9-9a402f2be3a3_R1_103	2.0	3.0	10.0	17.0
597d8ea5-e5d0-4e34-be5e-c754d4a3c0ad_R2_53	8.0	3.0	18.0	20.0
597f1ca1-9137-408f-99ea-158ff468b898_R1_33	2.0	1.0	2.0	2.0
59b49bc5-3ff4-4df8-828a-8ab991332151_R2_53	12.0	10.0	35.0	62.0
59daf16a-13fe-4f05-85b4-7f6c4bf9fba2_R1_92	7.0	1.0	4.0	0.0
59fc6463-81bf-4f2f-9903-c0433c996588_R1_33	1.0	0.0	1.0	2.0
5a974647-7ed7-42b1-b475-621d629fb258_R2_7	49.0	33.0	1.0	3.0
5b35e450-6ce4-492f-9ea7-325cb0f8dca9_chrIS:5188000	117.0	43.0	51.0	81.0
5c53c89b-1994-4fc4-8814-c270e3f41a8c_R1_73	112.0	64.0	224.0	370.0
5c9ccccf-a646-4c0e-8efd-dabb330dbb8c-1_R1_103	1.0	0.0	1.0	1.0
5c9ccccf-a646-4c0e-8efd-dabb330dbb8c_R1_103	2.0	3.0	1.0	2.0
5d62fde3-ea93-4f7a-b59b-2e13edb92f00_R2_14	219.0	96.0	105.0	184.0
5d8b2ec0-d457-41f7-a211-80056bf1d1aa_R1_33	3.0	1.0	2.0	1.0
5dc91a21-9207-4ce1-ad26-a59030a810a7_chrIS:5389000	2533.0	1424.0	1788.0	2414.0
5de407e8-8924-4862-b3bd-c8483cede38d_R1_73	116.0	69.0	232.0	388.0
5e198f8e-2b65-41e3-9ee1-8696cf5e4e4e_chrIS:8211000	4.0	7.0	16.0	22.0
5e3426c3-9f17-4b2f-981a-4ad42302a6c0_R2_38	11.0	3.0	7.0	11.0
5f3e1808-6dc2-4277-832c-aaa2c2be2bc1_R1_103	2.0	1.0	14.0	20.0
5f55dd86-17c7-433b-aa1e-866ba69fb1b7_R2_38	82.0	33.0	47.0	55.0
60115972-8ca3-47ed-8991-73aba1d84dfd_R1_33	2.0	2.0	0.0	2.0
60725802-92aa-412f-9b22-b62d12b7f71d_R2_38	19.0	6.0	15.0	15.0
60ac18bc-920d-47b3-8e1b-fec930e4c767_R1_73	11.0	7.0	10.0	20.0
61860234-30d4-4ddf-869d-a099e964eec0_R1_22	12.0	5.0	0.0	0.0
61f96dcc-2f0c-465a-826a-8dd889b0db89_R1_103	6.0	9.0	0.0	0.0
62889c90-273e-4adf-89bf-a1aba540e343_R1_13	27.0	25.0	6.0	0.0
630533e1-e493-4def-ae60-c2d73f02f675_R2_53	6.0	6.0	30.0	40.0
634944e2-364a-49c4-93e7-3fbbec075e5e_R2_38	57.0	26.0	30.0	37.0
63647659-3c44-4d71-b303-07829d5ad48c_R1_73	47.0	27.0	101.0	149.0
63d4c8bc-2b41-4c39-a3fc-b90e8bc1e419_R2_38	3.0	1.0	2.0	4.0
640380b5-cf76-4328-add9-d94dc252e0e8_chrIS:6179000	467.0	103.0	14787.0	23029.0
6439cabe-c1e3-4ffe-b9e8-79b8184e004c_R1_73	0.0	0.0	0.0	2.0
643c7bb9-12c2-4d1e-9301-c1c42c9b86f7_R2_53	10.0	4.0	39.0	48.0
6471d713-ff77-4ae4-bdfb-64d7b51d2c0b_R2_53	9.0	10.0	39.0	47.0
6485f120-3d44-4ca1-adae-fb66bd23825e_chrIS:7908000	2.0	1.0	4.0	0.0
64fd5130-d80a-493d-9273-1f7ea14bec03_R1_103	10.0	6.0	2.0	1.0
650812e6-696e-4613-9e40-f7769194c1b5_R1_73	13.0	3.0	5.0	9.0
658a8b8e-117a-45af-9666-aa1e926864ed_R1_92	22.0	11.0	3.0	2.0
65a71bf7-9330-459f-9c68-c5c96a84e5fb_R1_73	27.0	5.0	8.0	12.0
66dec858-96b4-484b-9aca-7cdccc3664b4_R1_22	3.0	3.0	1.0	1.0
67131fc2-2c6f-4efb-8d04-ca1fb389a075_R1_73	583.0	175.0	341.0	523.0
675e0e34-65ed-4b82-a2cd-611feac81bca_chrIS:6209000	81.0	31.0	23807.0	37718.0
676d4885-8a99-4f29-9566-d7cc37d55cf1_R1_24	1.0	1.0	0.0	1.0
67d062d9-141d-4ad6-b1e2-4cbf19664631_R2_53	5.0	2.0	13.0	11.0
680ce364-35fc-48e8-a007-d61fb2c612f0_chrIS:6949000	5.0	4.0	51.0	81.0
682038bc-b59c-4a86-8f97-772219f5a0e7_R2_26	15.0	12.0	0.0	0.0
68ebad88-74a7-49b5-b111-566ef08be81a_R1_73	34.0	14.0	29.0	36.0
690bcb62-a6d4-4bda-b4ad-88e3dca8a53a_R2_38	17.0	9.0	18.0	22.0
693a5ed0-df8d-4642-bdf7-6ba25a9a57a8_R1_73	56.0	28.0	143.0	187.0
694c3d39-319a-4ffa-89df-657979d1ef97_R1_103	17.0	6.0	1.0	3.0
697d50d0-8a01-4b3e-973a-dd69ccad4aa8_R2_38	21.0	19.0	16.0	20.0
69b24c56-a9b5-49bc-9f4d-7d752e6dd68e_R2_60	0.0	0.0	5.0	9.0
69e3b5c6-2823-46bc-a6d0-210962990f20_R1_33	2.0	0.0	2.0	0.0
6a59f2cd-13ec-4998-8b15-1937f643c5d5_R1_23	2.0	2.0	1.0	3.0
6a6b4949-6b78-4d59-b04f-374a45698879_R1_92	2.0	2.0	1.0	0.0
6ae163e4-2360-4b9f-bd12-edbc66f1d5bc_R2_72	39.0	45.0	38.0	33.0
6c62a21a-4474-463c-8a29-ce74aef52509_R1_73	5.0	3.0	6.0	6.0
6d2db7e5-6936-4398-a572-35ebc4495dde_R2_42	5.0	4.0	3.0	3.0
6d84e3be-5bbc-41f4-95c0-086ee2abaa2c_R2_14	64.0	18.0	43.0	53.0
6ddd4b82-2437-418b-9d8f-3d3b7d0a966c_R1_22	24.0	3.0	0.0	0.0
6df8d75a-b40f-4cc5-9550-e10462d8408a_R1_73	4.0	1.0	5.0	4.0
6e31e923-ece3-4a9b-88e1-81d33129ac2c_R1_103	3.0	2.0	9.0	14.0
6e6991bf-c76b-4b17-b12e-f1213cf17bef_R1_73	4.0	4.0	6.0	11.0
6e749ce2-b5c8-478c-93ef-07ffa2a4f684_chrIS:5290000	57.0	27.0	22.0	33.0
6ee65fa2-00b8-45e4-9498-83fbe7a20b15_R2_32	5.0	2.0	0.0	1.0
6f0169a1-c02d-45eb-8fa0-2fc6deef0c8a_R2_26	6.0	5.0	0.0	2.0
6f072169-2100-491d-9830-90b27d1f4244_R2_53	5.0	1.0	16.0	17.0
70137ed6-6d97-4539-921f-41e4ea64f22d_R1_73	8.0	4.0	11.0	13.0
71413297-65f5-42bf-b429-4b8065a94bf0_R1_22	14.0	8.0	0.0	0.0
71ca2aab-d30b-48e9-86ca-76e75073c02c_R1_92	6.0	4.0	2.0	1.0
720ab52d-7758-4dfc-8911-e9bbf546fbfb_R1_73	2.0	2.0	3.0	4.0
721bf743-a71d-49b6-ab93-1f6e1d97e804_R1_103	2.0	1.0	8.0	7.0
733f7b19-da74-4879-bad6-6dcec526dd0f_R2_14	77.0	50.0	50.0	56.0
745468e3-a2b6-47ba-921d-5ee19828efb5_chrIS:4304000	4.0	0.0	8.0	7.0
748b5bb1-1082-422c-83f7-dd8fdb4af47f_R2_14	148.0	42.0	82.0	127.0
752955b7-a98a-483e-98e6-ce5a8c5d0ad3_R2_53	4.0	2.0	4.0	16.0
7639c592-7e68-48a1-8d16-9e2f071dde54_R1_22	1.0	4.0	1.0	0.0
76d29863-a095-43d9-b5c1-1a335fc6157b_R2_41	27.0	16.0	0.0	0.0
7738aefd-8ccb-47d3-bd72-e13f16f2a1c5_R2_53	35.0	18.0	150.0	197.0
77f8fd9a-6aac-4917-b63d-093456b04436_R2_60	0.0	0.0	4.0	7.0
7827e330-4e3b-44fe-86b9-8aca7e962feb_R2_60	1.0	1.0	25.0	27.0
78433f10-f873-4297-bef2-5f4b3d65b379_R2_53	4.0	1.0	8.0	7.0
7845aaa6-8d14-4c22-825d-ec9d8766d37f_R1_103	11.0	5.0	0.0	3.0
788842d4-3eb1-4587-b12d-85df0e48d1db_R1_23	2.0	2.0	0.0	0.0
78a7740c-9c6e-4c26-9223-8dff502d4ad2_R1_22	255.0	67.0	2.0	4.0
7991a188-7698-47f2-86f6-e8a6dbb2c749_R1_103	0.0	3.0	5.0	5.0
7ba569eb-ba9b-4254-97f9-5873f6967dc5_R2_60	0.0	1.0	5.0	5.0
7bdef961-b54a-467b-a851-e3e7fd94fa1f_R1_103	1.0	0.0	2.0	3.0
7bec75cf-64ee-4b79-b9f3-c678911919db_R1_103	7.0	7.0	2.0	4.0
7c6135ae-091a-4115-a85c-134b1c02f000_chrIS:144000	7.0	2.0	2.0	2.0
7ccdd721-50a0-4d5e-868e-3b8e7f6ac09e_R1_33	0.0	1.0	0.0	4.0
7d777981-ba26-495f-b1e7-9115eaecce71_R1_103	9.0	13.0	0.0	2.0
7dae9543-213c-4763-bdaa-131e7f48cf4e_R1_103	21.0	21.0	133.0	221.0
7db01b77-25c9-4f68-8bfc-cdf6498f6173_R1_103	1.0	0.0	5.0	5.0
7e2b71f7-d259-44bc-9135-83f8d187d0cb_R1_103	349.0	137.0	11.0	19.0
7e4a6a5a-c09c-4b71-ad09-b6490ac9cb6a_R2_72	34.0	45.0	26.0	35.0
7e610cbc-dbf0-48ad-aabc-1293efc9a47a_R1_73	24.0	24.0	100.0	119.0
7e6a1421-d83d-4014-8759-993abcb5ff43_R2_46	46.0	30.0	22.0	38.0
7ed0c056-ca74-4579-bd5e-3ef3f1fdebb8_R1_103	10.0	6.0	0.0	1.0
7ee4a974-ca90-46a3-9dcc-38dae7daa836_R2_53	6.0	5.0	13.0	14.0
7f29f78d-bdda-45e7-bab2-c01e5becbf88_R2_38	51.0	21.0	22.0	39.0
7f66b762-e87c-4d30-a658-23f8e7ffabbf_chrIS:6592000	13.0	7.0	1.0	3.0
7fc9cd72-b5d5-4e19-b2fb-e8a1264ee207_R2_42	7.0	8.0	8.0	9.0
800eafba-af1e-43c2-885b-87cc89884aac_R1_103	2.0	1.0	4.0	3.0
80970711-ec6c-44fe-b88a-11f38969bc96_R1_73	13.0	8.0	39.0	38.0
80b58114-82f3-4511-b564-4e84109e3c18_R2_41	6.0	2.0	2.0	2.0
814fbee7-c814-4446-b00a-79bee963c019_R2_42	23.0	21.0	12.0	22.0
818f24b1-8ce8-4b01-89fe-46fbb22ca657_chrIS:1635000	8938.0	2977.0	8135.0	12094.0
82b08f37-4f08-418c-833e-764258cc0056_R2_53	1.0	3.0	8.0	24.0
8361d86a-4dd7-4c15-9e9b-aced54e1945b_R2_38	28.0	9.0	15.0	22.0
84622787-f33b-47d3-9fa1-5cf69ffb31d9_R2_14	21.0	7.0	12.0	17.0
848050de-a98c-45a3-a1d9-affed263479d_R1_73	91.0	69.0	298.0	373.0
84b2f753-7497-4f2a-8bea-816ed32a0068_R1_23	3.0	0.0	0.0	4.0
852c2fa7-0f8e-4351-89d9-8df707030f7b_R1_22	27.0	10.0	2.0	3.0
858482d1-2ec9-4853-a2e5-f9d097207002_R1_103	24.0	14.0	2.0	3.0
85e32e33-e316-4bfa-a04a-f715b8f69ea4_R2_53	3.0	5.0	11.0	23.0
85eebc4e-e38f-4c54-8d1c-b72f3141ceb6_R1_103	15.0	10.0	1.0	3.0
862c0263-c73b-424e-ba9d-37ee0b02008c_R1_22	17.0	4.0	12.0	28.0
8665b8d4-02e0-48a5-856e-0ce1089571ff_R1_73	23.0	11.0	45.0	36.0
8681e77c-ecdd-4540-a11d-5ba7e1f8f786_chrIS:6583000	0.0	0.0	0.0	2.0
86862339-da6f-4b2e-bc35-feb0e41d4781_R1_73	29.0	10.0	24.0	38.0
86f78245-54f4-4e74-84bd-574364ea95ee_R1_103	17.0	11.0	1.0	1.0
882ae86c-1c53-44cf-bc5f-2fd158f18349_R2_53	3.0	2.0	7.0	7.0
886a2a7a-9994-4c86-a046-ba0a3b5458c8_R2_60	2.0	0.0	3.0	3.0
88c31e92-a59b-4d43-b91e-2076cae4ee20_R2_60	1.0	0.0	2.0	5.0
89197123-f434-499b-ac9c-23b152b2a68e_R2_53	1.0	1.0	7.0	19.0
8958c028-d86a-4a29-bdba-2d32d552edd5_R2_38	30.0	15.0	14.0	32.0
89b02532-c92d-46c2-a24a-1875b9870c75_R1_103	2.0	3.0	6.0	11.0
8a6272b2-d99b-4c2a-ae88-dab3c9f6dd2e_R1_92	2.0	0.0	3.0	0.0
8b23835a-db1c-49d8-8a0d-a6be4a280313_R2_14	87.0	42.0	54.0	67.0
8c463355-7dd2-4e5d-a350-a63bded3007e_R2_151	2.0	1.0	1.0	2.0
8c56cbf5-2daa-45f9-9d27-0745488e50fb_chrIS:4144000	16.0	20.0	11.0	10.0
8cc274f6-b703-44c3-a09b-4cde79fbcab0_R1_22	39.0	14.0	0.0	0.0
8d0e84d3-1c4e-4938-9019-f8f4d2d26c30_R2_46	475.0	171.0	271.0	316.0
8d2b64ad-dbb0-4e8a-87ff-e41de2a6dc47_R1_73	2.0	0.0	2.0	5.0
8d2d8d41-736b-431a-8b16-d04acaa3b079_R1_103	3.0	2.0	2.0	1.0
8d96b7f3-2141-4d5b-8c2a-a683d00389dc_R1_73	1.0	2.0	0.0	7.0
8db4e682-8323-452d-b650-ad0e1beb98d3_chrIS:6181000	17471.0	4750.0	23495.0	38607.0
8dbc37d0-fd4e-4bcd-aa2b-a97175ecf57e_R2_60	0.0	0.0	2.0	8.0
8ddebd7a-b8a2-4411-b69f-13d2bdcd51ce_R2_41	0.0	2.0	5.0	3.0
8e25224d-bf4b-452a-ba1e-c272e2afdf16-1_R2_53	0.0	2.0	6.0	9.0
8e25224d-bf4b-452a-ba1e-c272e2afdf16_R2_53	3.0	2.0	8.0	5.0
8f4a9720-a795-41ae-a1dd-96fbf408ba79_R1_71	9.0	1.0	5.0	5.0
8fc7b396-eeda-4936-8ed0-42ebf4f7644f_R1_73	7.0	1.0	4.0	7.0
9013ab12-7f82-44f9-807d-f32ea820ef04_R1_103	2.0	2.0	6.0	3.0
917471fb-a604-4452-835f-c3b9e3da2dd5_R1_11	53.0	28.0	35.0	49.0
9241e1d5-923f-4df3-9f7b-16184ef20f39_R2_38	46.0	21.0	29.0	49.0
92e0eeac-1d6c-41d4-af2a-094014433348_R1_73	3.0	0.0	6.0	1.0
92ede80a-19aa-4dd5-9fbe-17a2618f2f75_R2_42	25.0	19.0	12.0	15.0
93632d84-adc9-41cf-a395-c535a631de4a_R1_33	1.0	1.0	1.0	2.0
93d94030-5272-4e79-b088-3750501c149e_chrIS:9353000	4.0	3.0	10.0	23.0
93fc5eb8-d833-4719-bdfa-3458d28cf296_R2_26	9.0	7.0	2.0	0.0
9415fd03-96bf-4b51-9b72-0d845f1597b7_R1_43	0.0	0.0	2.0	0.0
94644ac7-c885-4751-b195-fa4bcae097c7_R1_13	13.0	11.0	1.0	3.0
94f2de0e-a79b-4bd3-8821-99a4a787f55a_chrIS:5972000	1.0	0.0	1.0	3.0
9527154b-db13-4191-af0e-f27dabecdff5_R1_73	0.0	1.0	7.0	5.0
9592d223-2424-424f-81d6-141eb4ec7787_R1_13	19.0	11.0	3.0	4.0
95f49275-3a54-47de-9ef1-f5fd3d74b180_R1_73	2.0	1.0	3.0	1.0
9647d149-c46b-4cd8-8457-8ef8e2005345_R1_103	1.0	1.0	1.0	4.0
971014d6-9574-4864-8162-b7e501327387_R1_13	13.0	5.0	3.0	4.0
971399a4-f812-40e5-957f-4cf11c57795a_R2_53	3.0	4.0	12.0	24.0
974e11f8-d7a5-4772-aea2-50a8535c8d20_R1_41	23.0	10.0	76.0	118.0
983a6af4-b169-4986-a43d-eb993acbd474_R1_73	9.0	3.0	15.0	16.0
9863cdbe-b0b3-4794-b2ce-cd70e4ed464e_R2_41	3.0	3.0	9.0	4.0
98812fc8-2bd8-4c57-bba9-cfdfd09abd01_R1_103	1.0	2.0	5.0	15.0
99380e25-6972-4757-9de0-14827846afe7_chrIS:2553000	19.0	6.0	3.0	3.0
995df37e-d0d3-4208-a28e-65949fd8337f_R2_38	10.0	7.0	13.0	14.0
9abec541-1bfd-4267-a649-f82c15b141cc_chrIS:6535000	6.0	11.0	2.0	2.0
9bb18a08-f7cf-44f4-b5a3-aa5d199f42b6_R1_73	3.0	2.0	4.0	13.0
9bc4137d-d3e0-4bd3-a9fe-0ed247d9c05b_R1_73	6.0	1.0	4.0	8.0
9c126443-bac9-4eb5-a4bc-35cf0393a8cf-1_R1_103	3.0	2.0	1.0	0.0
9c126443-bac9-4eb5-a4bc-35cf0393a8cf_R1_103	3.0	5.0	1.0	2.0
9d1f8b04-87e7-4633-8859-81dff0c1b60a_R1_13	22.0	13.0	3.0	2.0
9db978a7-83cc-411b-876c-bfc5dd3992da_R1_103	33.0	8.0	6.0	9.0
9e289414-81d2-485b-8cbe-8115ee51d91b_R1_73	1.0	3.0	2.0	3.0
9e2ae349-3659-4871-9f1e-7e6bf91ace97_R1_73	9.0	9.0	7.0	18.0
9e581f61-92b9-4881-b395-c0027b7ff8d5_R2_41	5.0	3.0	6.0	6.0
9e5b78ac-772a-4c9c-a8fb-bfaab02f88a6_R1_103	16.0	10.0	1.0	0.0
9e7b91ab-f8e1-440b-a1f9-8e4dd7a8bbdd_R1_103	11.0	7.0	1.0	2.0
9ead9edb-d311-4a69-84ae-c2568a8e9fad_chrIS:95000	131.0	81.0	124.0	163.0
9efc5618-0376-46e6-82a4-adf8cfdb3ff7_R1_73	372.0	183.0	938.0	1039.0
9f81abdf-f9bb-441f-94cd-3de631087c4b_R1_103	2.0	0.0	1.0	7.0
R1_101_1_R1_101	1612.0	404.0	34.0	44.0
R1_101_2_R1_101	827.0	229.0	208.0	340.0
R1_102_1_R1_102	923.0	469.0	375.0	573.0
R1_102_2_R1_102	64.0	26.0	994.0	1503.0
R1_103_1_R1_103	1292.0	1015.0	10715.0	17164.0
R1_103_2_R1_103	26565.0	17229.0	898.0	1331.0
R1_11_1_R1_11	10576.0	3791.0	7166.0	12585.0
R1_11_2_R1_11	92303.0	27629.0	58230.0	86043.0
R1_12_1_R1_12	11.0	2.0	22.0	36.0
R1_12_2_R1_12	1.0	1.0	150.0	232.0
R1_13_1_R1_13	2114.0	2657.0	851.0	1228.0
R1_13_2_R1_13	2417.0	664.0	85448.0	137772.0
R1_21_2_R1_21	10.0	1.0	22.0	21.0
R1_22_1_R1_22	19080.0	7148.0	86.0	81.0
R1_22_2_R1_22	1384.0	527.0	970.0	1499.0
R1_23_1_R1_23	205.0	171.0	274.0	309.0
R1_23_2_R1_23	270.0	111.0	215.0	309.0
R1_31_1_R1_31	16286.0	4868.0	10836.0	15931.0
R1_31_2_R1_31	774.0	393.0	719.0	934.0
R1_32_1_R1_32	249.0	75.0	1.0	0.0
R1_32_2_R1_32	51.0	12.0	24.0	42.0
R1_33_1_R1_33	160.0	502.0	305.0	307.0
R1_33_2_R1_33	1972.0	601.0	1177.0	1814.0
R1_41_1_R1_41	6580.0	1507.0	4250.0	6288.0
R1_42_1_R1_42	22.0	10.0	18.0	25.0
R1_42_2_R1_42	16.0	5.0	16.0	18.0
R1_43_1_R1_43	1.0	4.0	82.0	104.0
R1_43_2_R1_43	8.0	6.0	6.0	11.0
R1_51_2_R1_51	2.0	0.0	2.0	2.0
R1_52_1_R1_52	6.0	1.0	775.0	1270.0
R1_52_2_R1_52	48.0	17.0	32.0	48.0
R1_61_1_R1_61	175.0	30.0	114.0	176.0
R1_61_2_R1_61	256.0	50.0	130.0	228.0
R1_62_1_R1_62	92.0	20.0	11.0	26.0
R1_63_2_R1_63	7.0	3.0	15.0	15.0
R1_71_1_R1_71	483.0	136.0	327.0	485.0
R1_71_2_R1_71	3429.0	850.0	2027.0	3388.0
R1_72_1_R1_72	21.0	8.0	1.0	0.0
R1_73_1_R1_73	2488.0	1414.0	1815.0	2903.0
R1_81_1_R1_81	34.0	13.0	14.0	16.0
R1_81_2_R1_81	3.0	3.0	11.0	11.0
R1_82_1_R1_82	26.0	10.0	39.0	75.0
R1_82_2_R1_82	7.0	2.0	33.0	55.0
R1_83_1_R1_83	10.0	3.0	8.0	6.0
R1_83_2_R1_83	5.0	6.0	6.0	8.0
R1_91_1_R1_91	1318.0	472.0	6081.0	9652.0
R1_92_2_R1_92	4039.0	1410.0	649.0	921.0
R1_93_1_R1_93	1.0	1.0	1.0	4.0
R1_93_2_R1_93	0.0	0.0	2.0	1.0
R2_115_2_R2_115	20.0	10.0	28.0	16.0
R2_116_1_R2_116	143.0	60.0	84.0	132.0
R2_116_2_R2_116	122.0	49.0	81.0	87.0
R2_116_3_R2_116	372.0	194.0	231.0	298.0
R2_117_1_R2_117	3338.0	1831.0	2199.0	4016.0
R2_117_3_R2_117	1234.0	739.0	855.0	977.0
R2_14_1_R2_14	139470.0	58149.0	89718.0	145059.0
R2_14_2_R2_14	59250.0	17192.0	37145.0	60296.0
R2_14_3_R2_14	25696.0	9526.0	16329.0	26528.0
R2_150_1_R2_150	24246.0	8704.0	1904.0	2722.0
R2_150_2-1_R2_150	7484.0	7415.0	851.0	1325.0
R2_150_2_R2_150	452.0	248.0	34.0	51.0
R2_151_1_R2_151	53.0	11.0	36.0	41.0
R2_151_2_R2_151	58.0	17.0	49.0	63.0
R2_151_3_R2_151	90.0	27.0	57.0	79.0
R2_152_2_R2_152	3.0	3.0	0.0	3.0
R2_153_1_R2_153	97.0	34.0	26.0	44.0
R2_153_2_R2_153	50.0	14.0	8.0	19.0
R2_153_3_R2_153	48.0	17.0	7.0	20.0
R2_154_1_R2_154	45731.0	14982.0	30420.0	48656.0
R2_19_1_R2_19	262.0	232.0	107.0	166.0
R2_19_2_R2_19	254.0	182.0	30.0	38.0
R2_20_1_R2_20	2.0	0.0	8.0	11.0
R2_20_2_R2_20	28.0	17.0	90.0	145.0
R2_24_2_R2_24	5.0	12.0	7.0	8.0
R2_26_1_R2_26	229.0	269.0	33.0	30.0
R2_26_2-1_R2_26	4184.0	2990.0	200.0	267.0
R2_26_2_R2_26	129.0	34.0	6.0	8.0
R2_27_1_R2_27	33.0	19.0	1.0	4.0
R2_27_2_R2_27	536.0	189.0	38.0	54.0
R2_28_3_R2_28	2156.0	581.0	1305.0	1878.0
R2_32_1_R2_32	2696.0	889.0	830.0	1427.0
R2_32_2_R2_32	772.0	356.0	270.0	425.0
R2_33_1_R2_33	15.0	4.0	16.0	17.0
R2_37_1_R2_37	9.0	3.0	0.0	1.0
R2_37_2_R2_37	12.0	9.0	2.0	1.0
R2_37_3_R2_37	12.0	1.0	1.0	2.0
R2_38_1_R2_38	3787.0	1325.0	2294.0	3849.0
R2_38_2_R2_38	8880.0	2945.0	5643.0	9367.0
R2_38_3_R2_38	13557.0	5455.0	8773.0	14347.0
R2_38_4_R2_38	70066.0	20698.0	40705.0	68449.0
R2_41_1_R2_41	195.0	255.0	828.0	1169.0
R2_41_2_R2_41	53182.0	15467.0	520.0	860.0
R2_42_1_R2_42	12247.0	7342.0	9655.0	15175.0
R2_42_2_R2_42	65492.0	18947.0	39331.0	63041.0
R2_45_1_R2_45	66.0	43.0	51.0	77.0
R2_45_2_R2_45	138.0	127.0	124.0	181.0
R2_45_3_R2_45	164.0	140.0	130.0	184.0
R2_45_4_R2_45	213.0	257.0	261.0	394.0
R2_46_1_R2_46	2055.0	4214.0	2503.0	3825.0
R2_53_1_R2_53	1839.0	3927.0	19363.0	24622.0
R2_53_2_R2_53	673.0	1779.0	8689.0	11844.0
R2_53_3_R2_53	374.0	565.0	3547.0	4892.0
R2_54_2_R2_54	1.0	6.0	3.0	2.0
R2_55_2_R2_55	271.0	121.0	20.0	26.0
R2_55_3_R2_55	7.0	4.0	3.0	5.0
R2_57_1_R2_57	90.0	47.0	30.0	41.0
R2_57_2_R2_57	346.0	201.0	2.0	4.0
R2_59_1_R2_59	8.0	14.0	167.0	189.0
R2_59_2_R2_59	82.0	39.0	696.0	1028.0
R2_59_3_R2_59	42.0	26.0	640.0	1014.0
R2_60_1_R2_60	159.0	66.0	872.0	1249.0
R2_60_2_R2_60	54.0	37.0	1538.0	2238.0
R2_63_1_R2_63	131.0	58.0	81.0	71.0
R2_63_3_R2_63	73.0	30.0	44.0	49.0
R2_67_1_R2_67	309.0	108.0	831.0	1070.0
R2_68_1_R2_68	110.0	64.0	3.0	7.0
R2_68_2_R2_68	88.0	41.0	1.0	1.0
R2_6_1_R2_6	61523.0	17951.0	6071.0	10242.0
R2_71_1_R2_71	60.0	21.0	45.0	101.0
R2_71_2_R2_71	8.0	7.0	8.0	7.0
R2_72_1_R2_72	1343.0	1917.0	1544.0	2126.0
R2_72_2_R2_72	2320.0	4144.0	3070.0	4085.0
R2_72_3_R2_72	4096.0	9747.0	7246.0	9239.0
R2_72_4_R2_72	15441.0	16859.0	17486.0	24210.0
R2_73_1_R2_73	9.0	4.0	118.0	188.0
R2_73_2_R2_73	23.0	8.0	2.0	9.0
R2_76_1_R2_76	1.0	2.0	0.0	1.0
R2_76_3_R2_76	4.0	1.0	2.0	2.0
R2_7_1_R2_7	21739.0	5986.0	2393.0	4133.0
R2_7_2_R2_7	11618.0	8522.0	219.0	314.0
a0343408-f252-44cf-9264-2c2c5eb2f382_R1_103	7.0	6.0	2.0	3.0
a16db526-5708-4a49-bb3d-34206adb0a28_R1_14	107151.0	29717.0	136287.0	210477.0
a1a7ebb0-d611-45f9-8b5e-5a6d59ccdb39_R2_60	0.0	0.0	1.0	0.0
a308873a-7f0d-4569-94b7-984523571a4b_R2_53	2.0	1.0	11.0	9.0
a3c322bb-13f4-4b5b-8913-7c96184528c2_R1_103	4.0	6.0	0.0	0.0
a4e9907d-f28e-45bc-9f98-1b64797796a9_R1_73	2.0	1.0	4.0	5.0
a51b0da0-d876-48ec-b12a-b7dc9485323d_R1_73	3.0	0.0	0.0	2.0
a61d9be8-8bf2-4a29-830d-35a5b5558569_R2_53	2.0	1.0	7.0	7.0
a633795c-fe00-43a8-a35f-3c0846151035_R1_103	2.0	0.0	0.0	3.0
a667017c-ee9a-44ea-a0ed-b9b2815ae678-1_R2_59	0.0	0.0	2.0	1.0
a71859a1-6eb8-41c3-a422-a469b749c422_R1_103	29.0	20.0	1.0	2.0
a71e6e34-fe78-418d-a103-cfa1f911846c_R1_73	40.0	13.0	24.0	41.0
a7e8fb93-4933-4629-90b0-e68e19fe1018_R2_47	1.0	0.0	1.0	2.0
a8a4ca46-bc49-4002-b84d-0c2549f03a39_R1_22	36.0	12.0	1.0	0.0
a8ae05b8-5276-41c4-aa56-d113fd556021_R1_103	0.0	0.0	6.0	4.0
aa912ced-21c2-4791-b1d4-9a5b570a0c05_R2_26	13.0	10.0	0.0	2.0
ab0f471f-3161-45b2-ad29-e5822c71ffa3_R1_92	3.0	0.0	0.0	1.0
ab57cb26-043c-4548-a200-248c871d6975_R1_73	21.0	10.0	70.0	93.0
abcb5efe-51ff-48bb-be26-28366a167de2_R1_92	4.0	0.0	2.0	2.0
ac2993a9-4a53-4bb4-a320-6b0959b67e09_R1_73	7.0	4.0	19.0	28.0
ac4a504d-06a8-4839-91df-4e82f2a058e9_R1_31	17.0	6.0	6.0	6.0
ac961567-c1c5-4462-9132-57a78f99df2f_R1_23	5.0	0.0	0.0	2.0
acd19bd1-e1be-403e-8d68-db250a400909_chrIS:6535000	57.0	41.0	26.0	77.0
ad04ce61-e369-4c37-a10b-946a98232780_R1_103	9.0	6.0	0.0	3.0
ad40cddc-1a55-4421-9e64-aa7a2ad3dcda_chrIS:4323000	2.0	3.0	0.0	0.0
ad8f7098-2ef3-4b5b-a33d-0c883c39c538_R1_73	22.0	8.0	24.0	26.0
ae0cbf21-4477-4202-9ab8-ebee4a0b8cea_R1_73	50.0	20.0	130.0	183.0
ae829f6d-65de-4a90-9790-331cdf2712a6_R1_73	1.0	1.0	7.0	8.0
ae8f0c4e-f573-4bf3-af9c-971a621674eb_R1_103	6.0	1.0	0.0	1.0
aea6b606-1d0e-4232-bacd-126abcb04b66_R1_103	3.0	8.0	7.0	12.0
af1551b7-19c7-4162-ac08-e0bcc7f20ced_R2_42	11.0	7.0	5.0	10.0
b2ac1a8d-6d1b-4507-88e3-2c40418eda9b_R2_53	1.0	1.0	12.0	12.0
b2d53c48-86c3-45b6-9fa7-82acf2ed3e1f_R2_53	13.0	7.0	44.0	73.0
b3b0c094-5573-4d1b-a3bd-e30ccc9798e8_R1_103	7.0	2.0	26.0	45.0
b3b3c132-4749-4339-b796-4804bdaffd90_R1_73	31.0	12.0	78.0	86.0
b481e98c-0af4-42d6-b3b4-67e6eae8d1f8_R1_33	1.0	1.0	0.0	0.0
b4a30444-de5f-4f96-80d4-c676681bb7a6_R1_72	35.0	15.0	2.0	7.0
b4cbfed8-1b43-4bab-a813-381baea7d91d_R2_150	37.0	17.0	3.0	9.0
b4da3598-ca48-4095-a903-02da3a674c7c_R1_103	1.0	0.0	2.0	2.0
b4e1885b-4c87-42dc-ba2f-c6259583e110_R2_41	18.0	13.0	0.0	1.0
b5703713-8fc9-4425-92e4-11caa6bc5125_R2_57	2.0	2.0	0.0	0.0
b57d1b92-ecbc-4570-822c-de0be44523cc_R1_33	6.0	3.0	2.0	4.0
b6d04477-3f6a-4dbb-a4c2-525eab1a91d8_R2_53	10.0	7.0	26.0	36.0
b824cf9d-00c3-4cea-9371-d44876eda9ad_R1_73	93.0	78.0	258.0	317.0
b87295e7-2cfb-4f52-bfa4-5e99db2d0f93-1_R2_42	111.0	13.0	51.0	85.0
b87295e7-2cfb-4f52-bfa4-5e99db2d0f93_R2_42	48.0	23.0	31.0	50.0
b8d3f53d-d7c9-47f9-ba8b-7d2923ce2f5a_R1_103	3.0	1.0	15.0	9.0
b8e6e481-734c-49cd-9c8b-c263f4615afa_R1_73	7.0	8.0	18.0	27.0
b98626fc-b4a2-43ff-ba63-b4fd2a91fdf2_chrIS:8368000	1.0	2.0	5.0	2.0
b98a6c23-e283-4190-a523-0c4109ac615e_R1_31	4.0	0.0	1.0	1.0
b9e89a9b-e012-434c-85e2-4fe5b73e142d_R1_33	0.0	4.0	0.0	1.0
ba3066f7-8f35-409d-b29f-f754cd651a15_R2_47	4.0	3.0	7.0	5.0
ba6ec93c-097e-4df8-a8de-a5d6bf54a2be_R2_53	6.0	2.0	18.0	17.0
babc755c-13bf-4fa0-bbf1-2d0e9dfea99e_R2_53	9.0	8.0	41.0	57.0
bb7f4592-ca32-439f-8a80-265451c81faa_R2_53	7.0	14.0	39.0	67.0
bbb0bcbd-f84e-4123-8a21-cd7ecbed0044_R1_33	3.0	3.0	5.0	1.0
bc3a03b2-1dc2-408b-a756-2aff237eaf0e_R1_103	3.0	2.0	2.0	2.0
bc6481bb-406a-4c84-b584-8e9df0b4070e_R2_53	5.0	6.0	28.0	32.0
bde31658-65aa-48e3-88cf-23b8ac057b37_R1_73	14.0	9.0	20.0	24.0
bf10e483-6458-49ca-899d-d6f40caa3a64_R2_53	5.0	8.0	20.0	27.0
bf31f2f8-a6c8-46eb-86cf-2c6ba082fdb0_R2_53	3.0	7.0	20.0	25.0
bf5b6e7a-fbf7-4291-874e-170abd5cd7e9_R1_23	4.0	0.0	2.0	2.0
c04a9956-dea3-4b5b-93c2-2d7788b99880_R2_53	2.0	1.0	10.0	9.0
c09884a0-6699-4620-906f-8627ab29e608_R1_13	16.0	12.0	5.0	4.0
c0bf6f23-a09f-43ed-960b-383000f5d5c0_R1_103	2.0	1.0	2.0	1.0
c0f661c2-62b4-4015-ad49-1fcfd3d6d1ec_R2_54	31.0	10.0	39.0	40.0
c18389de-7546-4b98-a33a-28ecc874cac1_R2_38	20.0	9.0	15.0	17.0
c2041d3c-f6da-4dc6-b409-d66c38e270a1_R1_103	2.0	0.0	1.0	2.0
c2416d74-3cc9-47ff-a034-1241249f10c6_R1_73	2.0	4.0	2.0	3.0
c2c5a7c5-dca2-4395-b83e-07a5f3fe648a_R2_59	0.0	0.0	2.0	2.0
c39a7da9-214d-448e-b750-7244153eb13c_chrIS:8623000	5.0	1.0	0.0	5.0
c41b97ab-a484-44f3-8585-9552657859e8_R1_92	12.0	3.0	1.0	2.0
c42b90b1-4c6e-4afc-a001-a7c046ca7e2b_R1_73	1.0	3.0	3.0	6.0
c4f1546d-5954-4cda-9775-f40dd7a09292_R2_7	24.0	13.0	1.0	1.0
c5a720c1-56e7-4837-9e0d-7d12c6ad1ef2_R1_103	17.0	16.0	1.0	1.0
c5d8fced-2b74-431d-a0db-f4a58e80385d_R2_72	99.0	111.0	95.0	128.0
c5dcdf30-08bf-49d5-af84-f18d4bce4c31_R1_73	7.0	2.0	18.0	31.0
c6656637-0996-4682-8034-c2c618cc2b2e_R1_103	15.0	15.0	1.0	0.0
c682d96e-a90d-4a5e-a1a5-d08cfbb6afc1_R2_45	2.0	2.0	0.0	2.0
c6dbb7a9-457a-4dde-9a4f-1b594e85dad4_R1_103	3.0	1.0	3.0	3.0
c80e72ad-f701-4e0d-8603-b21eb40cf68c_R2_53	10.0	6.0	49.0	48.0
c883ec88-9106-4bca-891b-9a73f860511f_R1_103	17.0	23.0	2.0	0.0
c8a7d501-955d-421f-9e73-0967299b55f4_R1_33	3.0	2.0	1.0	4.0
c8f38b76-a360-49a7-9a41-c7e0fe651fbf_R2_41	40.0	20.0	0.0	2.0
c9222d51-67b2-4ed7-a8cc-a5de66d13a16_R1_73	95.0	37.0	61.0	90.0
c92a5b93-1356-4b1f-9003-92b064cd8cb9_R1_102	0.0	0.0	0.0	2.0
ca188172-d502-4512-a608-926cb4d816c9_R1_92	1.0	0.0	0.0	0.0
ca853bd5-237c-4a51-a23e-16ef1aa7a0ba_R1_33	0.0	1.0	0.0	2.0
caa85c4e-c43f-439b-af23-0ad38c8a302d_chrIS:8211000	4.0	1.0	9.0	16.0
cb1db273-03dd-4305-b544-b996a09349dc_R1_103	0.0	0.0	1.0	2.0
cb9441bd-95f3-42fa-ba77-ecebdd2d29d8_R1_73	3.0	0.0	1.0	8.0
ccc278bf-9286-4d7e-be58-614d3ee88265_R1_22	185.0	49.0	0.0	1.0
ccd1b4fb-9fac-4ac4-9856-4fb73d9c0c8d_R1_73	2.0	3.0	3.0	0.0
cde52e92-899e-4f05-9814-749ea0906021_R1_73	4.0	1.0	3.0	9.0
cf61b636-ca13-4fe0-a4a2-89a7b5bb1a20_R2_53	0.0	1.0	6.0	12.0
d005ead9-41da-430d-9e88-8760a5bdf088_R1_103	0.0	2.0	2.0	6.0
d0693975-5586-42c8-8179-3c2a4cc04abf_R2_41	2.0	0.0	0.0	0.0
d17cec04-3c35-449b-89ba-dd8fe5d95d05_R2_41	7.0	8.0	17.0	23.0
d1b03b01-620f-47c1-8182-f0386eaeff29_R1_103	8.0	9.0	3.0	3.0
d2edd913-9315-4ab4-ae6d-80e36dde372c_R2_72	55.0	62.0	44.0	40.0
d32ac849-deb9-4986-ae86-45c4db37a918_R1_23	4.0	3.0	1.0	1.0
d3e4de84-75a9-4348-bc57-4b303e15344e_chrIS:6188000	8982.0	2444.0	12969.0	21205.0
d49de1bf-acce-4926-803c-a02843909f16_R1_71	6.0	2.0	2.0	2.0
d55ae3f8-7a3b-4121-b707-88e57d2a62eb_R1_22	95.0	27.0	3.0	12.0
d6cb6dff-89aa-4431-b1e0-287b82b0a56d_R1_73	4.0	1.0	6.0	2.0
d6f9c105-3bce-4fee-8bb2-367dbbb1e894_R1_103	0.0	1.0	4.0	6.0
d7112b53-0172-49b7-9a6f-07dc8b9e8393_R2_53	1.0	4.0	11.0	11.0
d7654431-e913-4444-a5b9-6f8c2948d753_R2_53	7.0	4.0	20.0	33.0
d80ec4af-f837-43d8-809d-140391710030_R2_150	251.0	111.0	15.0	22.0
d88bcb9d-968d-4748-b605-5e1a8f29b92c_R2_53	1.0	0.0	8.0	13.0
d899e89a-89d8-4599-a46b-f36f2cf79dcd_R1_22	29.0	4.0	2.0	5.0
d9fe354e-ba4c-4b59-b6ab-d790cdb8ba13_R1_23	4.0	3.0	2.0	3.0
da0217e7-3555-4b3a-9996-096a2aea5c8d_R1_73	3.0	2.0	7.0	6.0
da6b976c-27c8-464e-b9ce-b535ea5543e5_R2_7	33.0	30.0	0.0	3.0
dbd9eb7d-96f4-4454-bfe6-0e639cbbabe8_R1_103	58.0	24.0	2.0	3.0
dc355a4b-32ca-4600-89c5-7ec21479c33c_R1_103	3.0	0.0	0.0	1.0
dc51cf9a-5f70-444a-8093-8f123aface36_R1_73	1.0	0.0	1.0	1.0
dd4bec8a-b6f1-430b-974e-8299e8619730_R1_92	4.0	3.0	1.0	0.0
dde29907-3867-4898-bd79-fd020b9c7467_R1_22	5.0	2.0	0.0	0.0
dde323be-a15d-45df-8696-098e634462fe_R2_24	2.0	1.0	0.0	0.0
dde8f9fe-b7a0-4e8b-9723-f6dae7c14a69_R1_73	0.0	2.0	4.0	7.0
debd1d4a-70bb-4d38-949f-c80ec3f89d53_R2_60	1.0	1.0	3.0	3.0
df427e45-7ad5-4a18-8729-830d7342ee56_R2_38	114.0	48.0	69.0	103.0
df55384a-ce84-46ce-9952-cddc1a043412_R2_24	2.0	0.0	0.0	1.0
dfc3e2ad-c082-447e-b2e6-54db6b7773f6_R1_103	2.0	2.0	3.0	7.0
dfc77dbb-9e7d-4089-b04b-89d723448888_R2_150	337.0	123.0	25.0	33.0
dfdf9746-95e8-457d-b8ed-8f8fcd8de768_R2_53	4.0	4.0	24.0	30.0
e03964b9-61bd-4c58-9d35-4f98d8c8d64b_R2_53	4.0	6.0	29.0	32.0
e042d63b-a673-4577-9987-94b93ddeb829_R1_103	14.0	8.0	2.0	1.0
e0691bb8-838c-40b1-8dff-4a47fce3961a_R1_22	46.0	15.0	0.0	1.0
e06a7ab2-3dc3-4eae-8b97-fa140957a2a5_R2_24	2.0	1.0	0.0	1.0
e0954368-3754-4c0d-98df-338add17b5fe_R1_73	17.0	14.0	23.0	28.0
e0dffac9-c622-4f63-a357-ffb4be2bc626_R1_23	4.0	0.0	1.0	2.0
e0f4eb86-89c1-4914-8015-0dea02ef797c_R2_151	1.0	0.0	0.0	2.0
e11bee6a-b557-4505-a9bc-e60b5fa21d13_R2_53	4.0	2.0	6.0	18.0
e1880e88-1268-454c-9f96-58cae81113ee_R2_72	62.0	113.0	78.0	81.0
e1b2ee32-ce0d-46bb-a5fc-907347297f7b_R1_103	18.0	14.0	1.0	2.0
e2416075-34f4-48d7-b2ec-297c7bd2c879_R2_53	6.0	3.0	33.0	28.0
e24f9057-c190-48bb-9632-399c4d1837fa_R2_53	4.0	0.0	20.0	18.0
e26b6666-7452-4edd-8c20-d7be647fb61c_R2_53	9.0	5.0	39.0	48.0
e3c5ec41-8a7a-474c-9330-3e4a05ff6768_R1_103	3.0	6.0	2.0	2.0
e4721e47-0644-4e99-a2dd-c9150e2b86e7_chrIS:6223000	32.0	10.0	20.0	28.0
e49b85b9-9039-4b49-8fc0-9c1315f74497_R2_60	1.0	0.0	0.0	3.0
e4be1aa4-7f66-40e8-a16e-7eafbcde6899_R1_103	10.0	1.0	1.0	2.0
e510592b-9318-4e02-8794-3383f2d1a5c6_R2_143	33.0	12.0	464.0	646.0
e63f77f2-1169-459b-9191-5f960cea5f43_R1_73	19.0	11.0	15.0	21.0
e647d6ec-da07-4548-b35e-cf5f96233ad2_R2_32	3.0	0.0	0.0	1.0
e655fb74-6206-4dbc-88be-354009ad84be_R2_6	606.0	177.0	59.0	80.0
e6a744c4-0d91-4f43-91d2-eab6ea50b102_R1_103	5.0	2.0	0.0	1.0
e6f486c2-b58d-4c18-8e7b-41dd7aa5907b_R2_42	41.0	19.0	26.0	26.0
e77cb70d-19db-43a5-a2aa-ce6a47b1fa16_R2_38	15.0	11.0	9.0	14.0
e7f74ff1-5604-41ad-a984-9e8cc2c2e016_R2_24	27.0	64.0	19.0	28.0
e8d0ab00-34ac-4523-bc78-5ebed14523aa_R2_105	8.0	4.0	2.0	3.0
e91554e4-3b94-48dd-89a7-02d406fcc363_R2_41	14.0	1.0	0.0	0.0
e968e667-6dce-41cf-9267-a7e3305bc4d2_R1_73	8.0	5.0	18.0	27.0
e9a4410c-f77a-4040-a575-dfcfaac61894_chrIS:6184000	9859.0	2651.0	12462.0	20504.0
e9bcc506-5368-407b-a27d-1e9af49767a0_chrIS:4234000	5.0	8.0	8.0	13.0
ea3cb37f-64e8-4ce0-9d49-f9320d9ffda2_R1_103	7.0	7.0	1.0	4.0
ec9647c9-da58-4791-9990-5cd63c8fb9dd_R1_103	79.0	5.0	13.0	13.0
ed6f681a-0458-4209-8cd5-e3adad31e22d_R1_73	6.0	2.0	11.0	17.0
ed92cb05-0940-4605-8a16-812aa085a27b_R1_33	1.0	0.0	1.0	2.0
ee814490-a8fb-47e0-a4ef-81946ffcff6e_R1_103	13.0	16.0	4.0	1.0
eebc6fe0-7f48-45a0-840a-88a828e4ffaf_R2_53	5.0	1.0	19.0	28.0
ef0023e6-5681-46d9-8071-4a470012a1d2_R1_22	27.0	10.0	1.0	0.0
ef691f38-b47f-488c-a2a4-83912b8725f7_R2_46	38.0	24.0	25.0	19.0
ef9eeab6-f8f2-4313-82ba-65969d49f353_R2_26	10.0	7.0	1.0	3.0
efcc7cc3-a085-4cc9-93f7-1db1733ea377_R1_22	9.0	0.0	0.0	2.0
eff51669-380f-44fa-a27b-4cbb990ec838_R1_92	1785.0	855.0	342.0	415.0
f12e7fe0-df55-439d-88ad-816ccae0e5f8_R2_53	2.0	3.0	9.0	9.0
f233eb38-5668-4482-962a-3969e9e65480_R2_6	93.0	23.0	10.0	8.0
f254f937-240b-453e-bee5-a2bc326a3256_chrIS:1379000	2421.0	1416.0	481.0	686.0
f2e9239f-35d7-4c9a-84fd-a71bd6d9fa49_R1_33	1.0	0.0	2.0	1.0
f399b938-3cad-47e3-888e-ff65e58324ef_R1_103	4.0	4.0	2.0	0.0
f3ddcfdb-1db3-4802-a2f3-1c469b278f6a_R2_41	2.0	2.0	3.0	2.0
f41530bf-b155-46c6-b9c4-9ce1271d8d33_R2_53	8.0	7.0	47.0	70.0
f415816a-bf1f-4535-a138-51e97d64717d_R2_38	11.0	7.0	6.0	7.0
f5d47298-b6dd-48c6-aed8-35b99be297ad_R2_152	0.0	0.0	1.0	3.0
f6300625-9b04-455f-9419-bdf0ab70b2ef_R2_72	44.0	53.0	31.0	44.0
f6603a3b-ae41-42c3-92df-746c9350ecd8_R2_53	4.0	1.0	17.0	20.0
f670e7d3-ba3c-40d1-ae91-42c75d82b696_R2_53	4.0	3.0	21.0	27.0
f700f751-64c9-4c29-a21a-bfcea019af9b_R2_46	35.0	30.0	22.0	32.0
f72c6c82-e5a0-4067-8f04-73c6f40d13ea_R1_31	11.0	6.0	6.0	4.0
f74ac7d1-2624-4e61-bd7d-819ae4f30a44_R2_72	32.0	23.0	21.0	29.0
f76eb6c3-6a9e-44fc-abb6-b03c9a863484_R1_41	22.0	4.0	63.0	99.0
f7a61998-4bf3-4e54-bf1f-1f7db586b01d_R1_92	7.0	1.0	4.0	2.0
f7da21e9-8476-4452-9539-f8faa690db69_R1_73	49.0	34.0	128.0	139.0
f834b56e-ce94-43dd-bc0b-88eab366e17a_R1_33	4.0	3.0	4.0	4.0
fa64287b-dbeb-4619-bc1f-e7950ccd00c7_R1_73	106.0	48.0	223.0	372.0
faa08c1d-d169-4c1e-b0ec-6456fbf286f2_R2_53	4.0	2.0	18.0	29.0
fad0b1a0-01a0-4cdc-b3b9-d5993aa03125_R1_73	136.0	75.0	282.0	391.0
fb100b60-f1b2-4a32-a561-b8e5e8ca4d12_R2_117	4.0	6.0	5.0	9.0
fbb1c4be-7cc4-4d20-a818-532cdbd2d1ab_R1_103	12.0	8.0	3.0	3.0
fbf44315-bb7e-405c-aa34-d5a2950111bc_R1_22	27.0	6.0	0.0	1.0
fc384c29-2684-49eb-b514-130c4867b274_R1_92	205.0	90.0	41.0	71.0
fd2a3288-d36e-40c5-9ae3-d3c77408c8d3_R1_73	26.0	20.0	17.0	28.0
fdbd0431-fd21-43cb-af57-a35352f0e752_chrIS:95000	48964.0	17923.0	183194.0	288288.0
feb52738-4e15-45e2-9701-a9b7201403e9_R1_73	16.0	6.0	11.0	22.0
ff4d2b7c-f93b-42b8-a87b-8be46e23aa50_R1_73	109.0	52.0	100.0	132.0
ff67b546-1813-4108-b843-88daa6f0da09_R1_92	7.0	1.0	0.0	3.0
ffd1dbab-3db6-427a-a02a-db5afae9af7d_chrIS:6211000	22380.0	5994.0	7851.0	12985.0
ffe24ac1-2a44-42d3-bfb7-54b5e487a6fd_R2_53	2.0	0.0	6.0	8.0
